Date,Open,High,Low,Close,Volume
2020-11-02,14.9777,15.2681,14.9777,15.2681,15208
2020-11-03,15.3534,15.5412,15.2842,15.4158,49657
2020-11-04,15.3632,15.3632,14.7701,15.0427,17162
2020-11-05,15.7192,16.3321,15.7192,16.3222,56676
2020-11-06,16.6089,16.7078,16.3915,16.4705,56880
2020-11-09,17.7953,18.2945,16.5298,16.6481,168856
2020-11-10,16.7572,16.7572,16.1838,16.3123,145432
2020-11-11,16.5595,16.9253,16.5101,16.8717,31668
2020-11-12,17.034,17.034,16.6682,16.7089,109809
2020-11-13,16.8363,16.9055,16.6781,16.7572,42113
2020-11-16,16.777,16.9451,16.7078,16.8817,87085
2020-11-17,16.8758,17.034,16.777,17.034,41941
2020-11-18,17.212,17.2713,17.0736,17.0736,70777
2020-11-19,17.1724,17.4394,17.1724,17.4049,32035
2020-11-20,17.4987,17.8141,17.4987,17.6553,87003
2020-11-23,17.9238,18.3489,17.9139,18.3353,41230
2020-11-24,18.6653,18.7443,18.2896,18.6153,229608
2020-11-25,18.3884,18.7236,18.339,18.6751,135726
2020-11-27,18.9025,19.2436,18.8828,18.9606,41097
2020-11-30,19.3771,19.4562,18.685,18.7839,117378
2020-12-01,18.9915,19.1398,18.6158,18.6317,68209
2020-12-02,18.3192,18.3884,17.9732,18.2402,82838
2020-12-03,18.3687,18.4132,18.0919,18.1256,69267
2020-12-04,18.1907,18.4478,18.1907,18.3396,12525
2020-12-07,18.5763,18.6801,18.4379,18.4576,25736
2020-12-08,18.6356,19.1695,18.6257,19.1151,34939
2020-12-09,19.7725,19.7725,18.4379,18.5401,95349
2020-12-10,18.5862,18.8432,18.3489,18.7147,38381
2020-12-11,18.7147,19.0686,18.6653,18.8051,41783
2020-12-14,18.8926,19.1398,18.8828,19.0311,50063
2020-12-15,19.2782,20.1946,19.2782,20.1106,58837
2020-12-16,20.1185,20.2667,19.8714,20.1986,88565
2020-12-17,20.2075,22.165,20.1976,20.603,67776
2020-12-18,20.7611,21.3049,20.7611,21.0528,58105
2020-12-21,21.1072,21.7498,20.7908,21.5224,190877
2020-12-22,21.7498,22.9658,21.6509,22.165,145498
2020-12-23,22.5901,22.8471,22.3726,22.5209,123428
2020-12-24,27.3059,27.3059,22.2935,22.3608,98217
2020-12-28,21.7498,23.7171,21.7498,22.2935,91254
2020-12-29,22.3331,22.4517,21.7498,21.9574,81165
2020-12-30,22.2441,22.5564,22.2441,22.422,40903
2020-12-31,22.5506,22.6,22.3627,22.4616,35613
2021-01-04,22.8373,23.9247,22.511,22.7186,287777
2021-01-05,22.7285,23.2415,22.6891,23.1437,222156
2021-01-06,24.7157,25.7043,23.8457,24.3894,212316
2021-01-07,26.4457,26.4754,25.7636,26.4359,510526
2021-01-08,27.6815,28.1758,25.8626,27.6123,402077
2021-01-11,27.6815,27.6815,24.7849,25.3088,279333
2021-01-12,25.6252,26.5347,25.6054,26.4754,142959
2021-01-13,26.7127,27.4344,26.3321,26.9994,313112
2021-01-14,27.0389,27.0389,26.337,26.337,197003
2021-01-15,26.3963,26.3963,24.9134,24.9826,162054
2021-01-19,26.9598,27.1872,26.0009,27.1872,299505
2021-01-20,27.0686,27.2564,26.3073,27.1378,511011
2021-01-21,27.1081,27.6321,26.4457,27.6024,372634
2021-01-22,27.2861,28.6702,27.2008,28.4527,261773
2021-01-25,28.6702,28.9766,27.3849,27.9089,334400
2021-01-26,27.6815,28.5812,27.6815,28.3835,153177
2021-01-27,27.8298,27.8298,26.2085,26.2085,214423
2021-01-28,24.7849,27.1378,24.7849,27.029,310273
2021-01-29,26.4952,26.8906,25.7043,25.9712,203447
2021-02-01,26.0009,26.6929,25.7043,26.3963,120210
2021-02-02,26.9005,27.2365,26.6462,27.1576,139850
2021-02-03,27.6519,27.7898,27.0381,27.6815,126732
2021-02-04,27.6024,27.8595,26.7423,26.7423,156616
2021-02-05,26.7423,27.8793,26.7423,27.8793,105641
2021-02-08,28.1462,28.3736,27.731,28.1264,160789
2021-02-09,28.1264,29.1645,28.1264,28.6306,419275
2021-02-10,29.1645,29.2831,27.7804,28.6702,220290
2021-02-11,28.5614,28.6504,28.1387,28.3933,120687
2021-02-12,28.2747,28.6108,27.8199,28.5021,44582
2021-02-16,29.4116,29.4116,27.8595,28.1165,274836
2021-02-17,28.6207,28.6207,26.8044,27.9287,557064
2021-02-18,27.3059,27.3059,25.2758,25.5955,242425
2021-02-19,25.8625,26.6435,25.8526,26.2085,114251
2021-02-22,25.902,25.902,24.1274,24.162,198865
2021-02-23,23.7863,24.2807,22.0661,23.7765,169549
2021-02-24,24.5575,24.5575,23.035,24.1719,112480
2021-02-25,24.7058,24.7058,22.9954,23.124,140720
2021-02-26,23.124,23.7567,22.7503,23.5392,212296
2021-03-01,24.2708,24.686,24.0137,24.686,57493
2021-03-02,25.5362,25.5362,23.5688,23.9445,151134
2021-03-03,23.8259,23.8259,21.9475,21.9475,176700
2021-03-04,21.908,22.4418,20.4616,20.7908,143521
2021-03-05,20.4843,21.2456,19.3326,20.615,160244
2021-03-08,20.1976,20.4547,19.5254,19.5254,119751
2021-03-09,18.9915,21.4038,18.9915,21.3642,233930
2021-03-10,21.7498,22.2441,21.0533,21.2357,101282
2021-03-11,21.7695,22.979,21.7695,22.8966,128854
2021-03-12,22.422,23.2228,22.1452,23.2228,96265
2021-03-15,22.8175,22.8274,22.3825,22.3825,51765
2021-03-16,22.7186,22.7186,22.0562,22.3232,56347
2021-03-17,21.4334,22.7285,21.1269,21.7102,83948
2021-03-18,21.0577,21.6213,20.8699,20.8699,55794
2021-03-19,20.8699,21.3642,20.578,21.295,41777
2021-03-22,21.3543,21.8486,21.3543,21.6608,57680
2021-03-23,22.511,22.511,20.7513,20.7513,38685
2021-03-24,20.9688,20.9688,19.901,19.901,44596
2021-03-25,19.901,20.1383,19.3079,20.0988,267957
2021-03-26,20.7611,20.8402,20.2767,20.8402,58444
2021-03-29,21.7498,21.7498,20.0592,20.0691,58174
2021-03-30,20.0691,22.0859,20.0691,22.0859,64550
2021-03-31,21.6509,21.9376,21.5197,21.8585,45194
2021-04-01,22.7384,22.7384,21.7616,21.908,110276
2021-04-05,22.7285,22.7285,21.5619,21.6509,99317
2021-04-06,21.5422,21.8289,21.4928,21.5817,28977
2021-04-07,21.6213,21.7003,20.7315,20.7611,95319
2021-04-08,20.9589,21.2555,20.9094,21.0577,39633
2021-04-09,20.9094,21.1269,20.771,20.9292,40252
2021-04-12,20.8402,20.86,20.2372,20.3756,131814
2021-04-13,20.4151,20.5733,20.2174,20.5288,102180
2021-04-14,20.5436,20.9589,20.3954,20.4349,70591
2021-04-15,20.5338,20.5338,19.8516,20.0394,72419
2021-04-16,20.0197,20.4663,20.0098,20.3954,47194
2021-04-19,20.5733,21.2555,19.8664,19.9208,112591
2021-04-20,19.9208,20.0394,19.5649,19.733,40937
2021-04-21,19.6539,20.3064,19.3771,20.3064,68814
2021-04-22,20.3163,21.1566,20.3163,20.9094,104711
2021-04-23,21.0577,21.4087,21.0084,21.4087,44696
2021-04-26,21.7498,21.9969,21.206,21.7498,94136
2021-04-27,21.2653,21.7498,21.2653,21.6015,55897
2021-04-28,21.1665,21.1764,20.9094,21.0478,61367
2021-04-29,21.0775,21.1665,20.5288,20.6919,33312
2021-04-30,20.5634,20.5634,20.1482,20.168,23929
2021-05-03,20.336,20.336,19.6539,19.7033,84139
2021-05-04,19.0409,19.1695,18.339,18.4478,74371
2021-05-05,18.7443,18.8136,18.4725,18.5565,39200
2021-05-06,18.5565,18.5565,17.6903,17.8348,96476
2021-05-07,17.8348,18.5565,17.6964,18.2698,197843
2021-05-10,18.1907,18.1907,17.5185,17.558,84047
2021-05-11,17.2416,17.7656,16.1937,17.7458,114661
2021-05-12,17.301,17.3702,16.8165,16.8561,146157
2021-05-13,17.1329,17.1922,15.5709,16.4507,102535
2021-05-14,16.4112,17.4888,16.4112,17.3998,38606
2021-05-17,17.7953,18.2896,16.8561,17.2911,207318
2021-05-18,17.2515,17.9337,17.2515,17.7953,58207
2021-05-19,17.3702,17.9337,17.3504,17.8842,16591
2021-05-20,18.3786,18.5466,18.2896,18.5466,51467
2021-05-21,18.7147,18.7147,18.428,18.6257,17957
2021-05-24,18.7839,18.7839,18.3278,18.3687,30606
2021-05-25,18.3687,18.7246,18.2896,18.3884,29128
2021-05-26,18.3884,18.863,18.3884,18.7888,60836
2021-05-27,18.8234,18.8828,18.685,18.8136,58059
2021-05-28,18.8828,19.1398,18.8828,18.9323,24135
2021-06-01,18.9421,19.298,18.9322,19.0706,52203
2021-06-02,19.0805,19.0805,18.5763,18.7542,108538
2021-06-03,18.5367,18.7188,18.25,18.4082,127034
2021-06-04,18.5367,18.7338,18.3884,18.6554,50991
2021-06-07,18.7839,19.0805,18.4379,18.9816,130045
2021-06-08,18.8234,19.2782,18.6654,18.8333,118267
2021-06-09,18.8333,19.1101,18.7641,18.7938,30626
2021-06-10,19.0805,19.0805,18.4675,18.9816,103176
2021-06-11,18.9223,19.1793,18.9223,19.12,77456
2021-06-14,18.9816,19.733,18.9816,19.2288,73036
2021-06-15,19.2782,19.5748,18.7839,18.7839,114267
2021-06-16,18.7839,19.1695,18.7839,18.9421,44234
2021-06-17,19.0212,19.2683,18.7839,19.2189,46366
2021-06-18,19.298,19.4166,18.9322,19.0113,82718
2021-06-21,19.0113,19.4166,19.0014,19.1892,41916
2021-06-22,19.466,19.6045,19.0805,19.5847,45590
2021-06-23,19.7725,20.079,19.5216,20.079,129259
2021-06-24,18.685,20.0691,18.6751,19.9801,80024
2021-06-25,20.2668,20.3756,19.4858,20.079,117327
2021-06-28,20.0691,20.8205,20.0691,20.771,97813
2021-06-29,21.0874,21.2555,20.5931,21.038,84214
2021-06-30,21.0281,21.0973,20.5338,20.6425,67886
2021-07-01,21.73,21.73,20.2767,20.4646,70779
2021-07-02,20.8699,20.8699,20.178,20.2471,73085
2021-07-06,20.2471,20.6425,20.2372,20.4151,79148
2021-07-07,20.9589,20.9688,20.2767,20.2866,140702
2021-07-08,19.7725,21.206,19.4166,19.6242,150220
2021-07-09,19.8318,20.2471,19.7725,19.9604,43047
2021-07-12,20.3855,20.4151,20.0098,20.163,79494
2021-07-13,20.168,20.603,19.8022,19.9208,97518
2021-07-14,20.0691,20.0691,19.0409,19.1793,216461
2021-07-15,19.1793,19.6242,18.6554,18.7938,58885
2021-07-16,18.7839,19.0508,18.4774,18.5269,44738
2021-07-19,18.4873,18.4873,17.993,18.2896,50927
2021-07-20,18.7839,18.7839,18.2303,18.685,62570
2021-07-21,19.1793,19.3672,18.7542,19.3672,35489
2021-07-22,19.5748,19.6341,19.1596,19.3079,116498
2021-07-23,19.2584,19.3079,18.7641,18.9272,79687
2021-07-26,18.7839,18.952,18.5961,18.6751,45454
2021-07-27,18.2995,18.6059,18.1314,18.4379,95042
2021-07-28,18.4576,19.12,18.4082,19.0508,46377
2021-07-29,19.2683,19.2782,19.0014,19.0014,64585
2021-07-30,18.7839,19.3079,18.7839,19.1793,94244
2021-08-02,19.4759,19.733,19.2288,19.2288,34545
2021-08-03,19.5748,19.6737,19.5026,19.6737,19534
2021-08-04,19.7725,20.0493,19.6566,19.7132,106614
2021-08-05,19.733,19.8912,19.5748,19.6242,54951
2021-08-06,19.6539,19.8121,19.5748,19.5847,38107
2021-08-09,19.5847,20.1247,19.5847,20.0296,33113
2021-08-10,21.0874,21.0874,20.0197,20.1284,129786
2021-08-11,20.1284,20.4646,19.5451,19.733,144660
2021-08-12,19.7725,20.1877,19.4601,19.6242,71171
2021-08-13,19.5847,19.7527,19.209,19.2782,35081
2021-08-16,18.7839,19.0409,18.7048,18.8136,55023
2021-08-17,18.5763,18.5862,18.2599,18.3884,23279
2021-08-18,18.4082,19.0706,18.3983,18.7789,56661
2021-08-19,18.4873,18.6949,18.4181,18.5565,84795
2021-08-20,18.4873,18.685,18.4873,18.6653,49301
2021-08-23,18.7839,19.2584,18.7839,19.209,39771
2021-08-24,19.209,20.2668,19.209,19.3771,17776
2021-08-25,19.3968,19.7033,19.3968,19.5748,42409
2021-08-26,19.6341,19.761,19.3672,19.5254,53413
2021-08-27,18.8333,19.7527,18.8333,19.6737,49007
2021-08-30,19.7923,20.0691,19.7824,19.9999,60575
2021-08-31,20.2569,20.2569,19.8921,19.9208,113047
2021-09-01,19.9307,20.2471,19.7725,19.99,108713
2021-09-02,19.9702,20.4448,19.9702,20.4448,82285
2021-09-03,20.3459,20.3459,19.9208,20.0098,119584
2021-09-07,20.0098,20.2075,19.7923,19.9702,83346
2021-09-08,19.7033,20.0296,19.3079,19.3079,28982
2021-09-09,19.2782,19.7725,19.0508,19.7725,73518
2021-09-10,18.8333,19.6143,18.6356,19.1003,52090
2021-09-13,19.1398,19.4759,18.952,19.4759,42993
2021-09-14,19.2782,19.534,19.2782,19.3474,36326
2021-09-15,18.7839,19.2683,18.7839,18.8136,69458
2021-09-16,19.1793,19.1793,18.7345,18.9124,33881
2021-09-17,18.9816,19.0311,18.7641,19.0311,42573
2021-09-20,18.4576,18.5308,18.1709,18.2995,27557
2021-09-21,19.5056,19.5056,18.428,18.6356,20022
2021-09-22,18.7345,19.0563,18.7345,18.9915,5310
2021-09-23,19.209,19.3771,19.1793,19.3375,35252
2021-09-24,19.0607,19.1695,18.8433,18.8828,32650
2021-09-27,18.9816,19.2683,18.7839,19.1793,54672
2021-09-28,18.7839,18.9816,18.2402,18.6356,84663
2021-09-29,18.5961,18.7839,18.3588,18.3719,29519
2021-09-30,18.3687,18.6257,18.3687,18.4379,23897
2021-10-01,18.4379,18.5367,18.1907,18.4379,27944
2021-10-04,18.1907,18.1907,17.6371,17.6865,25728
2021-10-05,17.647,17.7953,17.647,17.736,30223
2021-10-06,17.301,17.7162,17.2271,17.5283,58517
2021-10-07,17.6964,18.9618,17.6964,17.9732,48542
2021-10-08,18.0523,18.0523,17.8052,17.8052,57819
2021-10-11,17.8447,18.4872,17.8447,18.2105,15199
2021-10-12,17.6074,19.3474,17.6074,18.8333,123664
2021-10-13,19.2288,19.6737,19.2288,19.6045,50216
2021-10-14,19.7725,19.7725,19.3771,19.466,49507
2021-10-15,19.7725,19.7725,19.5056,19.5748,56870
2021-10-18,19.3771,19.7725,19.2683,19.733,42301
2021-10-19,19.7527,20.3163,19.7527,20.2965,61365
2021-10-20,20.4646,20.4646,19.9801,20.1087,45397
2021-10-21,20.168,20.425,19.9801,20.2471,56520
2021-10-22,20.2471,20.7315,19.7824,19.901,26177
2021-10-25,19.901,20.5041,19.901,20.2372,23258
2021-10-26,20.2471,20.7611,20.2471,20.5041,77387
2021-10-27,20.4646,21.2555,20.4646,20.9391,63734
2021-10-28,21.206,21.8387,20.7611,21.7498,452570
2021-10-29,21.7498,21.9673,20.7611,21.9376,86341
2021-11-01,21.8486,22.4418,21.7597,22.422,117680
2021-11-02,22.4023,22.4912,21.6905,21.8289,111989
2021-11-03,21.6608,21.6608,20.8106,21.473,114240
2021-11-04,21.4828,21.5887,21.2653,21.3939,57671
2021-11-05,20.8106,21.2209,20.7908,20.9688,79188
2021-11-08,22.2935,22.7384,20.7908,22.7384,73414
2021-11-09,21.8783,21.9475,21.3444,21.6905,121234
2021-11-10,21.2456,21.5422,21.0577,21.2258,121920
2021-11-11,20.4151,22.0711,20.4151,22.0157,146690
2021-11-12,22.1452,22.2441,21.8882,22.1255,35089
2021-11-15,21.8981,22.4912,21.7498,21.8684,93588
2021-11-16,23.3415,23.3415,21.5765,21.8684,128479
2021-11-17,21.3543,21.9673,21.3543,21.7003,33887
2021-11-18,21.6608,21.6608,21.0478,21.2653,125714
2021-11-19,20.949,21.7992,20.7809,20.7809,172646
2021-11-22,20.9094,22.0562,20.86,21.206,78598
2021-11-23,20.8996,21.206,20.4646,20.6326,93304
2021-11-24,20.4547,20.7611,20.3074,20.7315,52793
2021-11-26,19.9702,20.6524,19.9702,20.1779,33130
2021-11-29,20.1779,20.7117,20.1482,20.5041,93572
2021-11-30,20.2668,20.5931,19.8328,20.0988,152525
2021-12-01,20.0691,20.4744,19.3968,19.3968,73202
2021-12-02,19.4265,19.7106,19.0311,19.4307,35280
2021-12-03,19.4364,19.4364,18.2154,18.2698,130092
2021-12-06,18.1907,18.6653,17.8645,18.517,344175
2021-12-07,18.6356,19.3771,18.6356,19.2189,90661
2021-12-08,19.2288,19.4957,19.1793,19.4364,71967
2021-12-09,18.8333,19.3276,18.6949,18.7246,57633
2021-12-10,18.7147,18.9816,18.428,18.5071,98713
2021-12-13,18.2896,18.685,18.1215,18.4082,153991
2021-12-14,17.8546,18.0325,17.6569,17.7755,64627
2021-12-15,17.7261,18.0227,17.381,18.0128,129673
2021-12-16,18.1017,18.4873,17.5975,17.5975,183564
2021-12-17,17.2614,17.7312,17.034,17.6766,176661
2021-12-20,16.8758,17.123,16.6682,16.6781,92822
2021-12-21,16.6781,17.4888,16.3618,17.4888,335794
2021-12-22,17.0736,17.4888,17.0736,17.4394,179493
2021-12-23,17.3504,17.6865,17.1032,17.558,392002
2021-12-27,16.8066,17.7953,16.8066,17.6173,303219
2021-12-28,16.9549,17.5877,16.9549,17.3207,195274
2021-12-29,17.3207,17.4987,17.0044,17.2416,101793
2021-12-30,17.1329,17.6667,17.1329,17.5877,138600
2021-12-31,17.4888,17.7054,17.4097,17.5975,55398
2022-01-03,17.7953,17.7953,17.5679,17.6667,17900
2022-01-04,17.7953,17.9337,17.1625,17.4196,81319
2022-01-05,17.2515,17.3207,16.5298,16.5298,113217
2022-01-06,16.3815,16.4606,16.0157,16.2383,63713
2022-01-07,16.3123,16.4903,16.0553,16.1047,144240
2022-01-10,16.0652,16.0948,15.6401,16.0948,125490
2022-01-11,16.0948,16.342,15.9762,16.253,70056
2022-01-12,16.4705,16.7177,16.2927,16.4013,68821
2022-01-13,16.5496,16.6627,16.0454,16.0751,25691
2022-01-14,15.9169,16.1126,15.6895,15.907,64435
2022-01-18,15.1754,15.7192,15.1754,15.3731,60199
2022-01-19,15.472,15.5264,15.1359,15.2347,73795
2022-01-20,15.2347,15.8378,15.1458,15.2195,79403
2022-01-21,14.9876,15.0765,14.4537,14.4537,122740
2022-01-24,13.8902,14.3944,13.5145,14.0385,91645
2022-01-25,13.9495,14.0997,13.7419,13.9199,27654
2022-01-26,14.6317,14.6317,13.9396,14.0681,177891
2022-01-27,13.8408,14.0385,13.5244,13.5776,90326
2022-01-28,13.5046,13.6529,13.1487,13.5936,86631
2022-01-31,13.8309,14.7205,13.7913,14.691,125597
2022-02-01,14.3351,14.7404,14.3351,14.6811,34913
2022-02-02,14.6811,14.9777,14.4339,14.513,28500
2022-02-03,14.1176,14.3449,13.9792,13.9891,146316
2022-02-04,13.9989,14.345,13.9989,14.2795,14781
2022-02-07,14.2659,14.4241,14.0879,14.2263,15470
2022-02-08,14.0484,14.3351,13.9841,14.3351,109279
2022-02-09,14.9678,14.9678,14.691,14.9678,115628
2022-02-10,14.6514,15.0667,14.3944,14.3944,33671
2022-02-11,14.602,14.6317,13.9297,14.0286,40187
2022-02-14,13.8408,14.0879,13.8408,13.8902,27087
2022-02-15,14.3944,14.8096,14.3944,14.7997,26842
2022-02-16,14.7305,15.037,14.6074,14.8887,79280
2022-02-17,14.7701,14.8887,14.5427,14.5723,15016
2022-02-18,14.4636,14.5723,14.2362,14.2659,9129
2022-02-22,14.0286,14.0613,13.6233,13.6925,75992
2022-02-23,13.5442,14.0672,13.5442,13.5541,31025
2022-02-24,12.4962,14.513,12.4962,14.4636,63325
2022-02-25,14.7503,15.0765,14.5328,15.0765,28185
2022-02-28,14.7997,16.2036,14.7997,16.0849,56099
2022-03-01,15.9762,16.0948,15.6302,16.0256,66411
2022-03-02,16.3123,16.3123,15.561,15.7587,87348
2022-03-03,15.8378,15.8378,15.1161,15.1161,55224
2022-03-04,15.1556,15.2051,14.7519,14.8788,94834
2022-03-07,15.215,15.348,15.037,15.1062,15173
2022-03-08,15.5511,16.5595,15.3731,16.3815,73549
2022-03-09,16.5496,16.6139,16.0652,16.5101,33658
2022-03-10,16.4013,16.4013,15.8773,16.1344,28265
2022-03-11,16.4211,16.4903,15.818,15.8378,22402
2022-03-14,15.7982,15.7982,14.9629,15.0667,54965
2022-03-15,14.9777,15.1853,14.5969,15.1853,67186
2022-03-16,15.4522,16.1541,15.4522,16.1541,25189
2022-03-17,15.907,16.251,15.907,16.1344,61070
2022-03-18,16.1146,16.4606,15.995,16.3815,24382
2022-03-21,16.3321,16.3321,15.9379,16.1838,32843
2022-03-22,16.1937,16.5793,16.1937,16.431,18726
2022-03-23,16.2728,16.6149,15.818,15.818,35614
2022-03-24,16.4112,16.599,16.1739,16.599,34320
2022-03-25,16.5199,16.5199,15.9367,16.1047,32750
2022-03-28,15.9367,16.3123,15.8773,16.3123,19173
2022-03-29,16.3222,16.6583,16.1739,16.6583,52846
2022-03-30,16.7177,16.8066,16.3716,16.3716,29555
2022-03-31,16.2926,16.639,16.2827,16.4606,133669
2022-04-01,16.688,16.777,16.4705,16.5595,5998
2022-04-04,16.599,17.2614,16.4211,17.2021,34216
2022-04-05,17.4394,17.4394,16.866,16.9747,16791
2022-04-06,16.7177,16.9747,16.164,16.9747,53414
2022-04-07,16.2431,16.3321,15.8674,16.0849,32014
2022-04-08,16.0751,16.1146,15.8576,15.8576,10588
2022-04-11,15.6994,15.9268,15.4678,15.6796,18236
2022-04-12,15.6203,15.9663,15.4769,15.561,28038
2022-04-13,15.5906,15.8971,15.5906,15.8477,13994
2022-04-14,15.907,15.9465,15.6203,15.6203,9818
2022-04-18,15.6203,15.6203,15.4325,15.472,8164
2022-04-19,15.5412,15.9169,15.4127,15.907,7242
2022-04-20,15.9169,15.9169,15.4227,15.472,12585
2022-04-21,15.472,15.5214,14.4834,14.4834,15005
2022-04-22,14.4834,14.6317,14.1375,14.2461,6239
2022-04-25,14.1077,14.1967,13.7914,14.0978,102770
2022-04-26,13.9297,13.9297,13.5936,13.648,13811
2022-04-27,13.6332,14.1077,13.5738,13.8704,32041
2022-04-28,13.9594,13.9594,13.475,13.8111,19903
2022-04-29,13.9495,14.3647,13.8507,13.9989,11274
2022-05-02,13.8408,14.0286,13.643,14.0187,44888
2022-05-03,13.91,14.462,13.8309,14.3153,25552
2022-05-04,14.3153,15.0271,14.1967,14.9777,23467
2022-05-05,14.7206,14.7206,14.0484,14.1571,58173
2022-05-06,14.0484,14.0484,13.5936,13.7419,37923
2022-05-09,13.2575,13.3366,12.5951,12.5951,54004
2022-05-10,13.0103,13.0103,12.3677,12.6248,29021
2022-05-11,12.7434,12.8818,12.0612,12.1601,41050
2022-05-12,10.8848,12.2817,10.8848,11.9426,42168
2022-05-13,11.9426,12.9115,11.9426,12.8225,56741
2022-05-16,12.6346,12.867,12.6346,12.6841,10277
2022-05-17,12.8521,13.3069,12.8521,13.2772,23238
2022-05-18,13.2377,13.5738,13.1487,13.1784,27876
2022-05-19,13.1586,13.8408,13.1191,13.7716,13729
2022-05-20,13.8408,13.9594,13.4453,13.7864,42266
2022-05-23,13.9792,14.0088,13.7024,13.9495,27132
2022-05-24,13.7419,13.8111,13.5046,13.6233,27086
2022-05-25,13.6826,14.2164,13.5244,14.2164,34024
2022-05-26,13.8803,14.3153,13.8803,14.2164,19014
2022-05-27,14.1472,14.6613,13.8408,14.6218,42107
2022-05-31,14.6811,14.9184,14.4438,14.6119,45052
2022-06-01,14.6218,14.7108,14.3054,14.3944,25436
2022-06-02,14.3944,15.0073,14.3944,14.9975,12902
2022-06-03,14.8294,14.8987,14.6318,14.7997,5408
2022-06-06,15.2545,15.3658,15.126,15.126,3929
2022-06-07,14.9283,15.2051,14.8195,15.2051,12972
2022-06-08,14.9975,15.2644,14.9184,14.948,10712
2022-06-09,14.859,14.869,14.4438,14.4834,13614
2022-06-10,14.078,14.3845,14.078,14.2362,11567
2022-06-13,13.5738,13.5837,13.0894,13.2772,27089
2022-06-14,13.208,13.3465,13.0894,13.1191,22354
2022-06-15,13.1191,13.4947,13.0004,13.475,10421
2022-06-16,13.0993,13.0993,12.8818,12.9016,16125
2022-06-17,13.0597,13.5491,13.0597,13.5442,10235
2022-06-21,13.7814,14.1176,13.7814,13.9594,13731
2022-06-22,13.5936,13.8704,13.5936,13.7419,14959
2022-06-23,13.8408,13.8704,13.6234,13.8704,6376
2022-06-24,14.0583,14.1374,13.7814,13.9891,9636
2022-06-27,14.0187,14.3351,14.0187,14.1374,15450
2022-06-28,14.2856,14.3252,13.7419,13.7913,18488
2022-06-29,13.643,13.643,13.1883,13.297,25046
2022-06-30,13.0993,13.6233,13.0993,13.475,21501
2022-07-01,13.475,13.5145,13.297,13.5145,2002
2022-07-05,13.129,13.3465,12.951,13.3465,15467
2022-07-06,13.1784,13.297,13.1191,13.2476,35940
2022-07-07,13.2871,14.0977,13.2871,13.9891,13082
2022-07-08,13.8902,14.2726,13.8408,14.256,16583
2022-07-11,14.0385,14.0385,13.562,13.5738,4531
2022-07-12,13.6134,13.6134,13.2772,13.3366,17872
2022-07-13,13.04,13.5541,13.04,13.4255,13555
2022-07-14,13.2674,13.3959,13.0795,13.3267,6461
2022-07-15,13.1487,13.1487,12.6346,13.0597,8835
2022-07-18,13.3465,13.7518,13.3465,13.4849,5412
2022-07-19,13.7419,13.8605,13.643,13.8408,8060
2022-07-20,13.8803,14.1967,13.7617,14.0879,59955
2022-07-21,14.1769,14.3351,13.9891,14.1176,85960
2022-07-22,14.2066,14.2066,13.7763,13.8902,8571
2022-07-25,13.9594,13.9989,13.7913,13.9989,8885
2022-07-26,13.8902,13.9199,13.6332,13.6332,38704
2022-07-27,14.0583,14.5822,13.9001,14.5822,18292
2022-07-28,14.948,15.7093,14.948,15.6104,25888
2022-07-29,15.4918,16.0157,15.4918,15.9861,79786
2022-08-01,15.7982,15.8279,15.5906,15.7785,45052
2022-08-02,15.5017,16.2035,15.3435,16.0059,30343
2022-08-03,15.9465,15.9465,15.5017,15.8378,10981
2022-08-04,15.4028,16.3123,15.4028,16.3123,23149
2022-08-05,15.9268,16.7968,15.9268,16.4211,39329
2022-08-08,16.7078,16.9549,16.393,16.4606,69034
2022-08-09,16.3321,16.4359,16.1146,16.4309,10534
2022-08-10,16.7968,17.3504,16.7451,17.3504,26895
2022-08-11,17.7953,17.7953,17.2021,17.2021,26158
2022-08-12,17.1527,17.558,17.034,17.558,24486
2022-08-15,17.3998,17.5877,16.1672,17.4789,8028
2022-08-16,17.2911,17.3998,17.0439,17.1724,32066
2022-08-17,16.8066,17.0835,16.7078,16.9747,49650
2022-08-18,16.8066,17.1625,16.8066,17.034,38500
2022-08-19,16.6089,16.7078,16.2135,16.3914,16420
2022-08-22,15.8674,15.9663,15.7587,15.9564,56722
2022-08-23,15.996,16.1937,15.8477,16.0059,28536
2022-08-24,15.9268,16.5595,15.9169,16.5595,7142
2022-08-25,16.688,16.866,16.5101,16.8462,14002
2022-08-26,16.9747,17.0637,16.4483,16.515,24379
2022-08-29,16.3024,16.6485,16.2234,16.3222,36230
2022-08-30,16.5595,16.6583,16.0256,16.2728,13151
2022-08-31,16.5101,16.5694,16.2135,16.3815,7473
2022-09-01,15.9367,16.0059,15.5511,15.9169,34367
2022-09-02,15.4819,16.0553,15.472,15.6598,14711
2022-09-06,15.8477,15.8477,15.4475,15.7686,19136
2022-09-07,15.6697,16.5199,15.5709,16.5199,33599
2022-09-08,16.2827,16.5298,16.164,16.4014,10260
2022-09-09,16.7276,16.7276,16.4903,16.5793,6365
2022-09-12,16.7177,16.7572,16.5632,16.7572,16482
2022-09-13,16.7374,16.7374,16.0365,16.3815,8383
2022-09-14,16.253,16.5298,16.0849,16.4903,28676
2022-09-15,16.2827,16.4507,16.0553,16.1713,36067
2022-09-16,15.7587,16.1245,15.6499,16.1047,190406
2022-09-19,15.7686,16.0256,15.7686,15.9465,4505
2022-09-20,15.818,15.8971,15.4918,15.5017,7377
2022-09-21,15.5807,15.7884,15.3237,15.3237,27138
2022-09-22,15.3237,15.4819,14.8294,14.9283,13982
2022-09-23,14.4636,14.5031,14.1769,14.2856,12365
2022-09-26,14.1769,14.5031,13.9396,13.9396,9425
2022-09-27,14.3252,14.503,14.0681,14.1868,67877
2022-09-28,14.0681,14.4339,13.9693,14.3796,10542
2022-09-29,14.3944,14.3944,13.643,13.6925,12107
2022-09-30,13.6529,13.9396,13.6529,13.7518,2245
2022-10-03,13.8902,14.1571,13.7419,14.1571,5785
2022-10-04,14.6811,14.859,14.5328,14.7701,34801
2022-10-05,14.4537,14.4537,13.9396,14.3252,9377
2022-10-06,13.9989,14.345,13.8605,13.9001,13481
2022-10-07,13.6727,13.7913,13.4305,13.4601,14163
2022-10-10,13.4354,13.4354,13.1586,13.3465,10664
2022-10-11,12.8521,13.296,12.8521,13.0993,6100
2022-10-12,13.2871,13.3168,12.9312,13.0004,20936
2022-10-13,11.9821,13.1092,11.9821,13.0993,9144
2022-10-14,13.0499,13.3366,12.7236,12.7236,11805
2022-10-17,13.0301,13.1883,12.9312,13.0597,23284
2022-10-18,13.8408,13.8408,13.1983,13.297,22387
2022-10-19,13.0795,13.1833,12.862,12.9115,14619
2022-10-20,12.7928,13.0103,12.6643,12.7335,8250
2022-10-21,12.7632,13.0993,12.7137,13.0795,12043
2022-10-24,12.9807,12.9807,12.6445,12.8917,5769
2022-10-25,13.0649,13.5342,13.0649,13.3959,5053
2022-10-26,13.7024,14.1374,13.643,13.9001,11230
2022-10-27,13.8902,14.1571,13.8902,14.0088,10308
2022-10-28,13.8012,13.8605,13.5195,13.8605,15477
2022-10-31,13.6628,13.9495,13.6039,13.8902,14065
2022-11-01,14.3054,14.3054,14.0286,14.0681,2525
2022-11-02,13.9989,14.1868,13.6529,13.6963,28560
2022-11-03,13.6529,14.0681,13.6529,13.9693,4915
2022-11-04,14.0385,14.345,13.8012,13.9989,7609
2022-11-07,14.0335,14.0583,13.9397,14.0583,3205
2022-11-08,14.0681,14.5526,14.0583,14.5031,78555
2022-11-09,14.4933,14.8492,14.3746,14.4537,58116
2022-11-10,15.1062,15.7093,15.1062,15.6499,30247
2022-11-11,15.6401,15.9861,15.5906,15.7587,14168
2022-11-14,15.561,15.6104,15.299,15.5313,30310
2022-11-15,15.9663,16.164,15.8279,15.9564,20483
2022-11-16,15.907,15.907,15.7192,15.7785,16605
2022-11-17,15.3237,15.7785,15.2347,15.7785,15632
2022-11-18,15.8477,15.902,15.5214,15.7093,29374
2022-11-21,15.4918,15.4918,15.3731,15.472,2275
2022-11-22,15.7982,15.7982,15.3039,15.6796,23259
2022-11-23,15.7093,15.9554,15.7093,15.907,4704
2022-11-25,15.9465,16.164,15.7587,16.1047,36180
2022-11-28,15.8081,15.8477,15.5709,15.571,7274
2022-11-29,15.6499,15.7785,15.5313,15.5807,14046
2022-11-30,15.6499,16.2431,15.5709,16.1541,32841
2022-12-01,15.8971,16.2629,15.7884,15.9861,74688
2022-12-02,15.729,16.3222,15.729,16.3123,36458
2022-12-05,16.1245,16.1443,15.8971,15.996,21716
2022-12-06,15.9564,15.9564,15.383,15.385,7942
2022-12-07,15.1754,15.4226,15.1754,15.3336,48329
2022-12-08,15.037,15.6796,15.037,15.6104,22383
2022-12-09,15.4325,15.6895,15.4325,15.5115,10533
2022-12-12,15.4918,15.6401,15.383,15.4819,10236
2022-12-13,15.907,16.0948,15.7093,15.7884,23500
2022-12-14,15.818,16.3024,15.7785,16.2431,17021
2022-12-15,15.9465,16.1443,15.6796,15.8378,8328
2022-12-16,15.5214,15.561,15.3633,15.5313,17187
2022-12-19,15.5906,15.5906,15.1853,15.2743,46598
2022-12-20,14.8887,15.382,14.8887,15.1062,29632
2022-12-21,14.9678,15.3534,14.9283,15.3534,14575
2022-12-22,15.215,15.215,14.67,14.8195,13135
2022-12-23,14.859,14.859,14.6416,14.691,7850
2022-12-27,14.7305,14.7898,14.4043,14.4142,41964
2022-12-28,14.1571,14.5328,14.1472,14.1472,32533
2022-12-29,14.3549,14.6286,14.3549,14.513,13129
2022-12-30,14.4142,14.5022,14.3351,14.5022,13572
2023-01-03,14.602,14.602,14.2263,14.2856,43503
2023-01-04,14.4339,14.5822,14.3272,14.5822,6106
2023-01-05,14.3054,14.3796,14.1374,14.1967,74414
2023-01-06,14.2362,14.7404,14.1769,14.7305,11037
2023-01-09,14.948,15.2644,14.9085,15.0765,41508
2023-01-10,14.9876,15.4918,14.9876,15.4918,22623
2023-01-11,15.4918,16.1146,15.4918,16.1146,19076
2023-01-12,16.2135,16.431,15.9737,16.3815,37198
2023-01-13,16.3123,16.5397,16.1146,16.4903,19241
2023-01-17,15.9367,16.4903,15.9367,16.4903,36764
2023-01-18,16.5397,16.6781,16.1739,16.2728,40268
2023-01-19,16.0246,16.0246,15.5313,15.6697,12767
2023-01-20,15.818,15.9861,15.6697,15.9861,9610
2023-01-23,16.0157,16.5397,16.0157,16.5397,11241
2023-01-24,16.3519,16.4013,16.164,16.253,24329
2023-01-25,16.0157,16.1146,15.729,16.0652,15583
2023-01-26,16.1146,16.3815,15.996,16.1245,13420
2023-01-27,16.0157,16.4188,15.9268,16.3766,22745
2023-01-30,16.3716,16.3716,15.9465,15.9465,8194
2023-01-31,15.6598,16.5199,15.6598,16.5199,64044
2023-02-01,16.5199,17.0932,16.5101,16.9451,41140
2023-02-02,16.9451,17.2614,16.5793,16.8165,101225
2023-02-03,16.7078,16.8066,16.3716,16.4013,81186
2023-02-06,16.2827,16.3123,16.1146,16.2728,15424
2023-02-07,16.2728,16.3913,15.9465,16.3913,10645
2023-02-08,16.5793,16.6188,16.1541,16.164,63287
2023-02-09,16.2629,16.6583,15.9762,16.0503,84421
2023-02-10,15.907,15.9861,15.6796,15.8477,58189
2023-02-13,15.5313,16.1245,15.5313,15.9762,100728
2023-02-14,15.818,16.0355,15.5807,16.0355,69882
2023-02-15,15.7389,16.4112,15.6895,16.4112,44460
2023-02-16,16.1245,16.2926,15.8378,15.9169,45055
2023-02-17,15.7192,15.729,15.5758,15.729,24690
2023-02-21,15.294,15.5066,15.2446,15.2842,11815
2023-02-22,14.9579,15.3137,14.9579,15.1952,17812
2023-02-23,15.215,15.4522,15.126,15.3336,16580
2023-02-24,15.0469,15.0592,14.8689,14.9085,8983
2023-02-27,15.0667,15.2544,15.0469,15.1853,27901
2023-02-28,15.1952,15.2842,15.0568,15.2842,10571
2023-03-01,15.4621,15.778,15.4621,15.7686,16603
2023-03-02,15.5017,15.6401,15.3731,15.6401,5194
2023-03-03,15.7093,16.1146,15.7093,16.1047,40845
2023-03-06,16.1937,16.4112,16.1146,16.2728,25633
2023-03-07,16.2234,16.2629,15.9861,15.996,7135
2023-03-08,15.9663,15.9663,15.729,15.8872,76854
2023-03-09,16.0652,16.1047,15.5709,15.5709,9624
2023-03-10,15.6401,15.6401,15.2565,15.3435,23568
2023-03-13,15.5115,15.5115,14.9579,15.3336,15453
2023-03-14,15.3237,15.6736,14.9876,15.4423,34952
2023-03-15,14.9381,15.0271,14.691,14.8689,8789
2023-03-16,14.7898,14.9085,14.6218,14.9085,11762
2023-03-17,14.5526,14.5921,14.1967,14.3351,11027
2023-03-20,14.256,14.5921,14.1868,14.4636,137031
2023-03-21,14.4735,15.0864,14.4735,15.0864,19402
2023-03-22,14.9975,15.0867,14.8195,14.8195,19062
2023-03-23,14.948,15.4028,14.9134,14.9876,16038
2023-03-24,14.7034,14.7404,14.5328,14.7305,5046
2023-03-27,14.6317,14.8788,14.5822,14.7701,33140
2023-03-28,14.6317,14.7503,14.6195,14.6613,17460
2023-03-29,14.4043,15.0716,14.4043,15.0568,11690
2023-03-30,15.3435,15.5115,15.3435,15.4423,11348
2023-03-31,15.472,15.8674,15.4028,15.7686,12524
2023-04-03,15.7686,15.8081,15.4334,15.6104,41079
2023-04-04,15.4819,15.4819,15.1952,15.2842,8752
2023-04-05,15.215,15.215,14.8096,14.9283,14463
2023-04-06,14.7819,14.8788,14.7404,14.8492,11076
2023-04-10,14.7404,15.1359,14.691,15.1359,18858
2023-04-11,15.1052,15.2347,15.0371,15.2347,16315
2023-04-12,15.3237,15.3237,15.0765,15.0765,13322
2023-04-13,15.1952,15.5088,15.1161,15.4325,14693
2023-04-14,15.3929,15.4621,15.2051,15.2842,5704
2023-04-17,15.3336,15.6104,15.3336,15.561,20120
2023-04-18,15.6697,15.6697,15.472,15.5412,16540
2023-04-19,15.1458,15.4226,15.1458,15.3534,18278
2023-04-20,14.8689,15.2841,14.8689,15.1853,11677
2023-04-21,15.1458,15.2446,15.0479,15.1754,10856
2023-04-24,14.8294,15.2842,14.8294,15.21,36157
2023-04-25,14.948,14.9678,14.7206,14.7503,46818
2023-04-26,14.4438,14.4438,14.0681,14.1077,52254
2023-04-27,14.2263,14.513,14.1176,14.1176,21459
2023-04-28,14.2263,14.2856,14.017,14.2856,3237
2023-05-01,14.2461,14.3944,14.1375,14.2253,6269
2023-05-02,13.8408,14.0583,13.8111,13.8408,25215
2023-05-03,13.7913,13.9594,13.7617,13.7617,13428
2023-05-04,13.7716,14.0484,13.7419,13.8605,29539
2023-05-05,14.0484,14.3746,14.0484,14.2856,2536
2023-05-08,14.3548,14.3548,14.2558,14.321,4964
2023-05-09,14.1868,14.2066,14.0484,14.123,13069
2023-05-10,14.2066,14.2362,14.0978,14.1506,7694
2023-05-11,13.8902,14.0681,13.8902,14.0088,10985
2023-05-12,13.6727,14.5228,13.6727,14.2461,18393
2023-05-15,14.2955,14.6317,14.2955,14.5031,19488
2023-05-16,14.5031,14.5031,14.2461,14.2461,10936
2023-05-17,14.3054,14.5319,14.1868,14.4142,13514
2023-05-18,14.2362,14.4339,14.2164,14.3252,10959
2023-05-19,14.3548,14.5417,14.172,14.2263,79783
2023-05-22,14.1374,14.5229,14.1374,14.5229,5139
2023-05-23,14.4142,14.6218,14.3647,14.4043,9042
2023-05-24,14.3153,14.3153,14.1868,14.256,5065
2023-05-25,14.0385,14.2856,13.9396,14.1967,22222
2023-05-26,13.8902,14.2658,13.8803,14.2263,12138
2023-05-30,14.0385,14.5822,14.0385,14.3351,58389
2023-05-31,14.0385,14.1868,13.9199,14.0681,27372
2023-06-01,14.0681,14.4932,14.0681,14.3548,6425
2023-06-02,14.4537,14.6317,14.1077,14.1077,11940
2023-06-05,14.4241,14.5328,14.3153,14.3153,16530
2023-06-06,14.4339,14.6513,14.4339,14.5229,9388
2023-06-07,14.5328,14.7108,14.4537,14.5921,14888
2023-06-08,14.4646,14.6317,14.4547,14.513,31944
2023-06-09,14.3351,14.6317,14.1571,14.4693,13001
2023-06-12,14.5526,14.7305,14.3647,14.7305,30335
2023-06-13,14.8887,14.9777,14.8294,14.9283,16956
2023-06-14,14.9283,15.1161,14.6514,14.8986,165369
2023-06-15,14.6317,15.0568,14.6317,14.9876,13792
2023-06-16,15.1655,15.2446,14.9381,14.9678,4345
2023-06-20,14.7503,14.7503,14.3746,14.4636,10965
2023-06-21,14.345,14.388,14.2461,14.3418,10129
2023-06-22,14.1967,14.4142,14.1769,14.2263,6028
2023-06-23,14.3647,14.3647,13.7716,13.8902,3514
2023-06-26,13.8902,14.1176,13.821,13.8803,18065
2023-06-27,14.0385,14.078,13.92,14.0385,27225
2023-06-28,13.9891,14.1472,13.9396,14.0978,13049
2023-06-29,14.0879,14.256,14.0385,14.256,8313
2023-06-30,14.4142,14.5328,14.3252,14.5328,17239
2023-07-03,14.4834,14.78,14.4834,14.5229,36720
2023-07-05,14.2955,14.513,14.2955,14.345,41172
2023-07-06,13.9693,14.1275,13.8309,13.9297,32343
2023-07-07,13.91,14.2164,13.5738,14.0681,10032
2023-07-10,14.0879,14.3697,14.0187,14.3499,14696
2023-07-11,14.4339,14.5822,14.3153,14.5526,25078
2023-07-12,14.1571,14.9678,14.1571,14.9678,26185
2023-07-13,14.9579,15.1754,14.948,15.1161,18173
2023-07-14,15.126,15.1754,14.7898,14.7997,22391
2023-07-17,14.78,15.2742,14.7108,15.126,14023
2023-07-18,15.1754,15.5644,15.1754,15.2051,7463
2023-07-19,14.8689,15.3731,14.8689,15.1952,31776
2023-07-20,14.8294,15.0864,14.8294,14.9283,31419
2023-07-21,14.8294,15.037,14.8294,14.9381,26589
2023-07-24,14.859,14.9975,14.8294,14.8897,9079
2023-07-25,14.8294,14.9777,14.8294,14.8788,4749
2023-07-26,14.602,14.8294,14.602,14.78,8341
2023-07-27,14.5328,14.7701,14.2955,14.3548,13559
2023-07-28,14.3548,14.5229,14.3054,14.5229,3956
2023-07-31,14.6317,14.788,14.513,14.7006,8806
2023-08-01,14.3054,14.513,14.3054,14.4402,26027
2023-08-02,13.9594,13.9594,13.6628,13.7172,57620
2023-08-03,13.6727,13.7419,13.6233,13.6233,22422
2023-08-04,13.6332,13.7221,13.208,13.4651,18799
2023-08-07,13.5046,13.5046,13.2575,13.3465,12399
2023-08-08,13.1685,13.297,13.0499,13.297,5679
2023-08-09,13.2179,13.5541,13.2179,13.5046,8107
2023-08-10,13.3366,13.386,13.0895,13.1982,11421
2023-08-11,12.8027,13.0499,12.8027,12.9708,27827
2023-08-14,12.862,13.0202,12.6742,13.0202,13994
2023-08-15,12.7829,12.7829,12.5458,12.6149,8539
2023-08-16,12.4468,12.4468,12.2392,12.2392,8628
2023-08-17,12.2392,12.3183,12.0711,12.0711,14114
2023-08-18,11.9327,12.0612,11.9327,12.0316,8856
2023-08-21,12.0316,12.1502,11.9653,12.1008,4843
2023-08-22,12.0316,12.1799,11.824,11.824,321888
2023-08-23,11.9031,12.0711,11.8635,12.0415,23181
2023-08-24,12.0514,12.0514,11.735,11.735,11042
2023-08-25,11.8536,11.9776,11.7647,11.8833,13446
2023-08-28,11.9723,12.0117,11.9426,11.9723,6006
2023-08-29,11.9624,12.4666,11.9228,12.3578,10210
2023-08-30,12.259,12.3578,12.2194,12.259,31031
2023-08-31,11.9821,12.3007,11.9821,12.1898,22726
2023-09-01,12.1898,12.3858,11.9426,12.2688,13675
2023-09-05,12.2293,12.2392,12.1206,12.1996,15703
2023-09-06,11.8635,12.1403,11.8536,11.8932,23336
2023-09-07,11.6164,11.735,11.4779,11.6164,22866
2023-09-08,11.646,11.7449,11.4878,11.5472,110014
2023-09-11,11.5472,11.725,11.3099,11.6164,10625
2023-09-12,11.3297,11.7744,11.3297,11.6966,5186
2023-09-13,11.646,11.7635,11.5276,11.5276,21569
2023-09-14,11.4681,11.9525,11.4681,11.8635,15341
2023-09-15,11.7844,11.8634,11.6065,11.6262,5181
2023-09-18,11.6658,11.6658,11.3692,11.3692,143963
2023-09-19,11.3692,11.5076,11.3692,11.4483,15615
2023-09-20,11.6164,11.7053,11.4285,11.4285,43878
2023-09-21,11.2011,11.2392,11.0726,11.0726,9549
2023-09-22,11.1715,11.2703,10.954,10.9639,32058
2023-09-25,10.8749,10.9045,10.8057,10.8551,10582
2023-09-26,10.6376,10.7365,10.5981,10.608,23424
2023-09-27,10.776,10.8452,10.6772,10.6772,36246
2023-09-28,10.3806,10.8057,10.3806,10.7183,13267
2023-09-29,10.8947,11.0133,10.7068,10.7661,41860
2023-10-02,10.6178,10.6178,10.3214,10.3806,10102
2023-10-03,9.9752,10.1927,9.9456,10.0346,17181
2023-10-04,9.9851,10.0444,9.8072,10.0444,21825
2023-10-05,10.0741,10.0741,9.8368,9.8452,41525
2023-10-06,9.738,10.048,9.738,9.995,23846
2023-10-09,9.9371,9.9371,9.8368,9.8961,3679
2023-10-10,9.8863,10.4102,9.8863,10.4102,11796
2023-10-11,10.5783,10.6673,10.4696,10.5783,6316
2023-10-12,10.519,10.519,10.1136,10.2323,3743
2023-10-13,10.1532,10.2817,10.0939,10.1038,10111
2023-10-16,9.8961,10.2422,9.8961,10.2323,6872
2023-10-17,10.2125,10.4235,10.0444,10.3519,8325
2023-10-18,10.2718,10.2718,9.9456,9.9456,2785
2023-10-19,9.8863,9.9555,9.7182,9.7182,13488
2023-10-20,9.303,9.4166,9.2634,9.2634,5564
2023-10-23,9.1349,9.381,8.8087,9.2585,76769
2023-10-24,8.9965,9.5106,8.9965,9.4709,5772
2023-10-25,9.2041,9.2131,9.0657,9.0954,8201
2023-10-26,9.1052,9.2339,9.0558,9.0558,9514
2023-10-27,8.9075,8.9322,8.7988,8.7988,2942
2023-10-30,8.5022,8.9965,8.5022,8.6505,7733
2023-10-31,8.6307,8.8976,8.6307,8.8976,12953
2023-11-01,8.8877,8.8877,8.7296,8.8087,17654
2023-11-02,8.7889,9.2535,8.6208,9.1152,20385
2023-11-03,9.4216,9.6768,9.4216,9.5106,5613
2023-11-06,9.5501,9.649,9.3425,9.4117,25757
2023-11-07,9.303,9.3821,9.1942,9.2998,10820
2023-11-08,9.1349,9.2832,9.0756,9.1448,11594
2023-11-09,9.1843,9.2535,8.9965,9.0163,13770
2023-11-10,8.4033,8.8444,8.3934,8.8284,13153
2023-11-13,8.7691,8.9273,8.7493,8.9125,13215
2023-11-14,9.2041,9.7083,9.2041,9.7083,25679
2023-11-15,9.5996,9.9851,9.4612,9.7182,16617
2023-11-16,9.5304,9.5799,9.4809,9.5525,25415
2023-11-17,9.3722,9.6094,9.3425,9.5847,10319
2023-11-20,9.5699,9.8368,9.4216,9.8171,41142
2023-11-21,9.6984,9.6984,9.5254,9.5452,18725
2023-11-22,9.5501,9.6193,9.5304,9.6193,33702
2023-11-24,9.3425,9.5304,9.3425,9.4809,8163
2023-11-27,9.303,9.4908,9.2535,9.3723,20546
2023-11-28,9.1942,9.4612,9.1942,9.4562,33751
2023-11-29,9.4216,9.7973,9.1547,9.6589,17862
2023-11-30,9.6589,9.8269,9.5898,9.7075,14386
2023-12-01,9.56,10.0246,9.56,10.0246,13057
2023-12-04,9.9654,10.1038,9.9456,10.0539,23931
2023-12-05,9.7973,10.0543,9.7973,9.8467,26781
2023-12-06,9.8764,9.8863,9.6589,9.6589,31302
2023-12-07,9.6292,9.707,9.6193,9.6589,7889
2023-12-08,9.649,9.7676,9.5304,9.6094,34195
2023-12-11,9.4908,9.6687,9.4414,9.6193,20181
2023-12-12,9.5996,9.5996,9.303,9.4018,19323
2023-12-13,9.1744,9.7775,9.1744,9.738,45503
2023-12-14,9.649,10.5684,9.4414,10.3905,28491
2023-12-15,10.4597,10.5289,10.1828,10.4279,20684
2023-12-18,10.1334,10.4102,10.1334,10.2521,31972
2023-12-19,9.9555,10.5194,9.9555,10.4893,35935
2023-12-20,10.4794,10.5289,10.1038,10.1038,33780
2023-12-21,10.1828,10.5158,9.8961,10.4399,22973
2023-12-22,10.2026,10.5194,10.173,10.43,43219
2023-12-26,10.1828,10.6772,10.1235,10.649,28372
2023-12-27,10.5684,10.776,10.3015,10.7661,17867
2023-12-28,10.7958,10.837,10.7365,10.776,5993
2023-12-29,10.7464,10.8114,10.6475,10.6824,15107
2024-01-02,10.4201,10.6475,9.8863,10.4201,51530
2024-01-03,10.1927,10.1927,9.9258,10.084,9819
2024-01-04,10.0148,10.1828,10.0148,10.1038,18209
2024-01-05,9.9456,10.1631,9.9357,9.9555,10505
2024-01-08,9.9851,10.0444,9.8368,10.0049,8075
2024-01-09,9.8467,9.9654,9.7479,9.8863,14422
2024-01-10,9.6391,9.8863,9.6391,9.8368,29205
2024-01-11,9.9159,9.9159,9.5996,9.7083,9473
2024-01-12,9.6391,9.8171,9.5402,9.5797,12768
2024-01-16,9.2634,9.471,9.0954,9.471,18764
2024-01-17,8.8877,8.8877,8.5714,8.7988,24549
2024-01-18,8.7691,8.9174,8.5813,8.8779,7144
2024-01-19,8.6801,8.8038,8.6307,8.7988,19682
2024-01-22,8.5417,9.1151,8.3638,8.929,9246
2024-01-23,8.8976,9.3425,8.6505,9.2832,24608
2024-01-24,9.2931,9.4612,9.1052,9.1349,18029
2024-01-25,8.9273,9.1052,8.9273,9.0484,6324
2024-01-26,8.9075,9.7874,8.8976,9.0064,80194
2024-01-29,8.8185,9.1547,8.8185,9.1547,8425
2024-01-30,9.1547,9.7874,8.9175,8.998,5498
2024-01-31,8.8383,9.2535,8.8383,8.957,214884
2024-02-01,9.1151,9.125,9.0212,9.0855,6697
2024-02-02,9.0855,9.0855,8.8592,8.9229,19743
2024-02-05,9.0756,9.0756,8.5714,8.6752,33198
2024-02-06,8.601,8.9471,8.601,8.9471,66428
2024-02-07,8.8779,9.2333,8.601,9.1349,51047
2024-02-08,9.125,9.2535,9.125,9.2338,4930
2024-02-09,9.2041,9.3977,9.2041,9.3425,14957
2024-02-12,9.4315,9.7577,9.4315,9.6589,12444
2024-02-13,9.1646,9.3326,9.1448,9.1744,9368
2024-02-14,9.4018,9.5501,9.3227,9.3919,26423
2024-02-15,9.3919,9.6823,9.3919,9.5402,24744
2024-02-16,9.5501,9.5699,9.3326,9.3821,59609
2024-02-20,9.1349,9.2437,9.0064,9.1151,16652
2024-02-21,8.868,9.0262,8.69,9.0262,4939
2024-02-22,9.0262,9.0262,8.7493,8.7493,20897
2024-02-23,8.5417,8.7592,8.5417,8.6208,10879
2024-02-26,8.5417,8.7376,8.3539,8.6999,25980
2024-02-27,8.4923,8.8927,8.4923,8.7988,18629
2024-02-28,8.8482,8.8668,8.7493,8.8482,13306
2024-02-29,9.0262,9.1646,8.9338,8.9767,4450
2024-03-01,9.1646,9.2733,9.0113,9.2535,156034
2024-03-04,9.036,9.303,9.0163,9.0954,11710
2024-03-05,9.0657,9.1448,8.9471,9.0459,29824
2024-03-06,9.0558,9.2634,8.868,9.1646,15660
2024-03-07,9.1052,9.5289,9.1052,9.5007,11979
2024-03-08,9.3919,9.7479,9.3919,9.4908,10516
2024-03-11,9.8467,9.8467,9.5402,9.6589,27572
2024-03-12,9.6589,9.6885,9.3821,9.4908,16520
2024-03-13,9.3425,9.5995,9.3425,9.4908,11104
2024-03-14,9.303,9.3722,9.0263,9.1349,4994
2024-03-15,8.8482,9.0533,8.8482,9.0064,20121
2024-03-18,8.9273,9.125,8.6999,9.125,20781
2024-03-19,8.8877,9.1151,8.8877,9.1151,8426
2024-03-20,8.9866,9.3515,8.8087,9.3129,35452
2024-03-21,9.303,9.4018,9.2783,9.3623,8559
2024-03-22,9.3425,9.3425,9.2437,9.2535,8668
2024-03-25,9.1744,9.3168,9.1744,9.2634,15715
2024-03-26,9.2338,9.2461,9.1151,9.1151,13280
2024-03-27,9.1843,9.4849,9.0954,9.471,16748
2024-03-28,9.4809,9.5501,9.4414,9.4908,9360
2024-04-01,9.5007,9.56,9.4414,9.471,9340
2024-04-02,9.3129,9.3227,8.8976,9.2239,19347
2024-04-03,8.9866,9.2633,8.9668,9.2437,13502
2024-04-04,9.0954,9.5205,9.0954,9.2634,7006
2024-04-05,9.0954,9.2323,9.0756,9.1349,13811
2024-04-08,9.1646,9.2827,9.1547,9.2437,3935
2024-04-09,9.2931,9.4998,9.2832,9.4315,5628
2024-04-10,9.125,9.1843,9.0459,9.1151,29133
2024-04-11,9.214,9.2535,9.0459,9.1942,13700
2024-04-12,8.9965,9.0163,8.7691,8.7691,7442
2024-04-15,8.8284,8.8284,8.5318,8.5516,12442
2024-04-16,8.3737,8.4429,8.344,8.3835,6654
2024-04-17,8.1661,8.4083,8.1661,8.3552,10272
2024-04-18,8.255,8.4429,8.1067,8.3242,17218
2024-04-19,8.2847,8.3045,8.2064,8.3009,7811
2024-04-22,8.3341,8.4132,8.2649,8.4132,6885
2024-04-23,8.4033,8.6306,8.4033,8.4824,9536
2024-04-24,8.3242,8.5515,8.2353,8.433,10450
2024-04-25,8.1858,8.344,8.1858,8.344,1839
2024-04-26,8.1463,8.5912,8.1463,8.522,9902
2024-04-29,8.5516,8.7974,8.4033,8.7398,7965
2024-04-30,8.6604,8.6752,8.5615,8.6109,5559
2024-05-01,8.5517,8.7595,8.5417,8.6109,8306
2024-05-02,8.7197,8.8482,8.6109,8.8482,2916
2024-05-03,8.9372,9.0805,8.9273,8.9965,8006
2024-05-06,9.036,9.125,9.036,9.0945,3830
2024-05-07,9.0855,9.1448,9.0459,9.0459,4314
2024-05-08,8.7988,8.9353,8.7889,8.8581,7445
2024-05-09,8.7098,8.9594,8.7098,8.9174,3034
2024-05-10,8.9965,9.0262,8.7197,8.7197,7793
2024-05-13,8.7493,8.9866,8.7493,8.9372,3307
2024-05-14,9.2733,9.2733,9.1448,9.2041,3750
2024-05-15,9.3821,9.3821,9.1052,9.2239,11356
2024-05-16,9.1349,9.2437,9.0558,9.0855,26757
2024-05-17,8.8482,8.9174,8.8482,8.9174,481
2024-05-20,8.7197,8.9471,8.7197,8.8779,34278
2024-05-21,8.69,9.0014,8.601,8.9866,14230
2024-05-22,8.9075,9.6885,8.9075,9.6094,24550
2024-05-23,9.5798,9.5798,9.303,9.303,5224
2024-05-24,9.3623,9.6885,9.3227,9.6885,13615
2024-05-28,9.738,9.9555,9.3623,9.906,12490
2024-05-29,9.649,9.8072,9.649,9.7362,3945
2024-05-30,9.6885,9.9498,9.6885,9.8918,11587
2024-05-31,9.7182,9.9357,9.6391,9.7083,1497
2024-06-03,9.7973,9.9357,9.7479,9.7479,17912
2024-06-04,9.6193,9.6688,9.5501,9.5847,8803
2024-06-05,9.5402,9.7379,9.5402,9.6984,6782
2024-06-06,9.6391,9.6391,9.5375,9.5501,5315
2024-06-07,9.3227,9.471,9.2535,9.3079,10877
2024-06-10,9.1942,9.5304,9.1942,9.5304,16453
2024-06-11,9.303,9.4216,9.2634,9.3919,1943
2024-06-12,9.3722,9.7577,9.3722,9.5106,10611
2024-06-13,9.3919,9.5402,9.2338,9.2535,5721
2024-06-14,9.0558,9.2041,8.957,9.0103,9904
2024-06-17,8.9372,8.9372,8.7988,8.8482,3790
2024-06-18,8.7691,8.8976,8.7691,8.8482,4903
2024-06-20,8.779,8.8482,8.255,8.6801,75105
2024-06-21,8.601,8.6406,8.4529,8.4529,59853
2024-06-24,8.4033,8.601,8.4033,8.4824,3626
2024-06-25,8.4824,8.4824,8.2649,8.3341,8646
2024-06-26,8.2155,8.2353,8.1067,8.1067,17994
2024-06-27,8.0672,8.2254,8.0573,8.1661,14113
2024-06-28,8.1661,8.1858,7.8793,7.8793,20506
2024-07-01,7.8695,7.9584,7.6025,7.7904,25147
2024-07-02,7.7311,7.8782,7.5432,7.7014,77274
2024-07-03,7.7014,8.0672,7.7014,8.0672,27507
2024-07-05,7.9189,8.1166,7.9189,7.998,4577
2024-07-08,8.0771,8.1858,8.0276,8.0672,5172
2024-07-09,8.0079,8.166,8.0079,8.0919,7459
2024-07-10,7.9782,8.1759,7.9683,8.1759,7154
2024-07-11,8.1562,8.6109,8.1562,8.6109,11004
2024-07-12,8.4033,8.8877,8.4033,8.8482,2542
2024-07-15,8.6999,8.6999,8.3836,8.4626,17577
2024-07-16,8.3242,8.6703,8.2254,8.6307,14269
2024-07-17,8.5912,8.5912,8.3539,8.3638,10627
2024-07-18,8.4033,8.5121,8.26,8.26,6732
2024-07-19,8.2056,8.2451,8.1067,8.1759,11826
2024-07-22,8.1265,8.2649,8.0968,8.2254,22521
2024-07-23,8.087,8.2056,8.0771,8.2056,33850
2024-07-24,8.087,8.255,8.087,8.1275,5761
2024-07-25,8.0573,8.2573,8.0151,8.1562,8645
2024-07-26,8.0672,8.344,8.0672,8.1661,17281
2024-07-29,8.1463,8.2353,7.9486,8.0178,4049
2024-07-30,7.998,7.998,7.9436,7.9584,4955
2024-07-31,7.8596,8.2155,7.8596,8.0866,4650
2024-08-01,8.0672,8.1858,7.8596,7.8892,7891
2024-08-02,7.7508,7.7508,7.5531,7.6047,4635
2024-08-05,7.5136,7.5136,7.1191,7.3767,4226
2024-08-06,7.4641,7.5683,7.4147,7.4153,21718
2024-08-07,7.652,7.6717,7.3999,7.3999,14962
2024-08-08,7.1972,7.611,7.1774,7.5234,10622
2024-08-09,7.5333,7.6124,7.474,7.5432,9089
2024-08-12,7.563,7.563,7.4444,7.4444,6053
2024-08-13,7.4641,7.7904,7.4641,7.7904,62659
2024-08-14,7.7508,7.7508,7.6371,7.6816,19942
2024-08-15,7.7311,7.8101,7.7311,7.7805,3932
2024-08-16,7.6816,7.7706,7.6816,7.7114,16010
2024-08-19,7.7706,7.8788,7.7706,7.8299,3468
2024-08-20,7.8398,7.8497,7.6322,7.6777,5821
2024-08-21,7.6915,7.8596,7.6836,7.8596,6971
2024-08-22,7.8596,7.8596,7.6322,7.647,7709
2024-08-23,7.6421,7.9189,7.6025,7.8497,20039
2024-08-26,7.8596,7.998,7.8349,7.8349,9319
2024-08-27,7.8497,7.909,7.7904,7.8398,2150
2024-08-28,7.82,7.82,7.6125,7.6322,9576
2024-08-29,7.82,7.82,7.6025,7.7993,7901
2024-08-30,7.7904,7.8003,7.7014,7.736,12267
2024-09-03,7.7904,7.7904,7.474,7.5234,18707
2024-09-04,7.5037,7.6124,7.4938,7.5333,6893
2024-09-05,7.6223,7.6223,7.474,7.474,3769
2024-09-06,7.4444,7.474,7.2375,7.2466,6096
2024-09-09,7.2862,7.2961,7.2664,7.2664,5600
2024-09-10,7.2269,7.2367,7.0786,7.217,3635
2024-09-11,7.3455,7.6915,7.2961,7.6816,8842
2024-09-12,7.5926,7.6816,7.5828,7.6816,603
2024-09-13,7.7024,7.8101,7.7024,7.7113,4319
2024-09-16,7.7508,7.7662,7.6322,7.7508,7993
2024-09-17,7.7607,7.8991,7.6915,7.8695,28688
2024-09-18,7.8892,8.1067,7.8101,7.8101,5823
2024-09-19,8.0968,8.1166,7.9189,7.9387,8101
2024-09-20,7.8793,7.8793,7.7409,7.7409,2772
2024-09-23,7.6717,7.8991,7.6717,7.8991,20300
2024-09-24,8.0079,8.0573,7.9387,8.0079,3157
2024-09-25,7.9782,7.9782,7.7706,7.7706,7861
2024-09-26,7.9683,8.0968,7.9683,8.0968,8415
2024-09-27,8.1562,8.3224,8.1166,8.2748,17505
2024-09-30,8.3045,8.3143,8.1858,8.2155,6517
2024-10-01,8.1759,8.1759,7.9585,7.9585,8944
2024-10-02,8.1206,8.1206,7.9189,8.0474,9208
2024-10-03,7.9189,7.9387,7.8892,7.9387,930
2024-10-04,7.909,8.0573,7.909,7.998,2448
2024-10-07,8.1067,8.1364,8.0276,8.0474,11714
2024-10-08,7.9189,7.9189,7.7607,7.7805,1197
2024-10-09,7.7409,7.8193,7.6915,7.7311,1796
2024-10-10,7.7014,7.7014,7.5619,7.5619,2037
2024-10-11,7.5926,7.7409,7.5432,7.7409,4859
2024-10-14,7.5926,7.6303,7.563,7.5926,3700
2024-10-15,7.4453,7.4483,7.3158,7.3158,3311
2024-10-16,7.3059,7.3949,7.2862,7.3931,44585
2024-10-17,7.3455,7.3455,7.1774,7.212,13864
2024-10-18,7.2957,7.3158,7.2664,7.3158,23885
2024-10-21,7.3554,7.3554,7.1972,7.2852,18082
2024-10-22,7.2664,7.3158,7.2664,7.2862,9600
2024-10-23,7.2664,7.2664,7.1181,7.128,8004
2024-10-24,7.2862,7.3158,7.2269,7.2763,18374
2024-10-25,7.3257,7.5529,7.3257,7.4938,28633
2024-10-28,7.474,7.6915,7.4345,7.6124,7028
2024-10-29,7.4345,7.4345,7.3465,7.3653,12484
2024-10-30,7.3158,7.464,7.3158,7.385,28242
2024-10-31,7.385,7.473,7.3158,7.4444,6246
2024-11-01,7.3158,7.5333,7.3158,7.4641,3099
2024-11-04,7.5729,7.7607,7.5729,7.6866,25610
2024-11-05,7.6124,7.7409,7.563,7.7409,11513
2024-11-06,7.1082,7.1132,6.9204,7.0982,13573
2024-11-07,7.0291,7.1774,6.9916,7.1218,33099
2024-11-08,6.9913,7.0291,6.9214,6.9846,14645
2024-11-11,6.95,6.9797,6.9303,6.9797,45079
2024-11-12,6.9204,6.9698,6.6245,6.6831,11801
2024-11-13,6.7227,6.8106,6.605,6.7424,12162
2024-11-14,6.604,6.8215,6.5744,6.7405,28259
2024-11-15,6.6633,6.9204,6.6633,6.782,9892
2024-11-18,6.7919,6.9896,6.7441,6.8907,20159
2024-11-19,6.7919,6.9698,6.5546,6.8611,13446
2024-11-20,6.9006,7.0094,6.7919,6.9303,8777
2024-11-21,6.9204,6.9939,6.8808,6.8808,12134
2024-11-22,6.8512,7.0786,6.8314,7.0489,13549
2024-11-25,7.1082,7.3555,7.1082,7.3554,28642
2024-11-26,7.1873,7.217,7.118,7.2071,13028
2024-11-27,7.1181,7.3257,7.1181,7.1873,11281
2024-11-29,7.1972,7.3849,7.1873,7.3455,19126
2024-12-02,7.2961,7.4542,7.2961,7.3554,15205
2024-12-03,7.2961,7.2961,7.1972,7.2367,7778
2024-12-04,7.2269,7.2367,7.128,7.1473,10677
2024-12-05,7.1478,7.217,7.0634,7.1428,35706
2024-12-06,7.1181,7.2367,7.0687,7.0983,13368
2024-12-09,7.1181,7.4671,7.0983,7.3158,28150
2024-12-10,7.1577,7.2466,7.0393,7.0588,7991
2024-12-11,7.1082,7.128,7.0192,7.0934,16742
2024-12-12,7.039,7.1082,6.9797,6.9896,24360
2024-12-13,6.9698,7.0736,6.9698,7.0736,13017
2024-12-16,6.9896,7.0398,6.952,6.9807,13739
2024-12-17,6.9204,7.0786,6.9204,6.9797,37847
2024-12-18,6.9896,7.1584,6.7622,6.782,56173
2024-12-19,6.7622,6.8314,6.6485,6.6485,13532
2024-12-20,6.5348,6.9204,6.5348,6.871,26310
2024-12-23,6.8215,6.9748,6.7721,6.9748,32221
2024-12-24,6.9402,7.0786,6.7523,6.9204,25050
2024-12-26,6.9599,7.0983,6.7622,7.0884,23327
2024-12-27,6.782,7.0588,6.7424,6.9896,15450
2024-12-30,6.97,6.97,6.82,6.9396,15563
2024-12-31,6.9,6.9,6.7501,6.7801,9065
2025-01-02,6.74,7.2,6.74,7.2,7970
2025-01-03,7.0,7.26,7.0,7.21,17542
2025-01-06,7.3,7.56,7.3,7.44,24115
2025-01-07,7.35,7.59,7.35,7.56,7878
2025-01-08,7.31,7.31,7.13,7.16,12832
2025-01-10,6.95,7.0699,6.95,7.02,11569
2025-01-13,6.85,6.94,6.78,6.94,29221
2025-01-14,6.94,7.1,6.9,6.92,54401
2025-01-15,7.08,7.14,6.94,6.96,54968
2025-01-16,6.94,7.06,6.94,7.0589,12853
2025-01-17,7.05,7.08,6.97,6.97,6633
2025-01-21,6.89,6.98,6.86,6.96,361828
2025-01-22,6.9,6.97,6.76,6.76,20291
2025-01-23,6.72,6.9399,6.71,6.92,16237
2025-01-24,6.94,7.01,6.94,6.98,12688
2025-01-27,6.8,6.81,6.61,6.64,17807
2025-01-28,6.68,6.68,6.46,6.5408,8112
2025-01-29,6.7,6.78,6.66,6.78,2304
2025-01-30,6.83,6.935,6.76,6.88,6148
2025-01-31,6.88,6.94,6.74,6.74,5966
2025-02-03,6.54,6.6852,6.54,6.65,11498
2025-02-04,6.54,6.8114,6.54,6.72,5096
2025-02-05,6.72,6.84,6.7,6.7259,11829
2025-02-06,6.7,6.87,6.7,6.8106,12236
2025-02-07,6.88,6.9,6.77,6.8,16398
2025-02-10,6.83,6.86,6.83,6.84,95332
2025-02-11,6.67,6.67,6.52,6.5527,15430
2025-02-12,6.51,6.56,6.46,6.51,5396
2025-02-13,6.475,6.65,6.475,6.62,4664
2025-02-14,6.56,6.73,6.56,6.69,3654
2025-02-18,6.73,6.8411,6.7,6.798,6275
2025-02-19,6.87,6.95,6.831,6.88,11217
2025-02-20,6.88,6.88,6.75,6.88,15840
2025-02-21,6.81,6.8501,6.63,6.67,15394
2025-02-24,6.72,6.72,6.57,6.62,2480
2025-02-25,6.62,6.6667,6.53,6.571,7291
2025-02-26,6.61,6.8479,6.61,6.755,10568
2025-02-27,6.72,6.745,6.6,6.6,12160
2025-02-28,6.44,6.44,6.29,6.33,17846
